{
  "best_model": "GradientBoosting",
  "model_type": "boosting",
  "test_r2": 0.960307866763624,
  "test_mae": 107150.90712270509,
  "test_rmse": 154803.30629073427,
  "test_mape": 1.4057252862400909,
  "train_r2": 0.9999019992187576,
  "train_mae": 6000.04278435244,
  "train_rmse": 7479.635194086762,
  "train_mape": 0.08015160308894352,
  "r2_gap": 0.039594132455133546,
  "mape_gap": 1.3255736831511473,
  "generalization_status": "GOOD",
  "forecast_months": 1,
  "training_months": 337,
  "last_training_date": "2026-01-01",
  "best_params": {
    "subsample": 0.9,
    "n_estimators": 100,
    "max_depth": 4,
    "learning_rate": 0.1
  }
}