month,predicted_cash_outflow,lower_95,upper_95
2026-01,7052438.467806536,7051559.862614287,7053317.0729987845
2026-02,7039761.188301608,7038882.583109359,7040639.793493857
2026-03,7045955.066004567,7045076.460812318,7046833.671196816
2026-04,7045955.066004567,7045076.460812318,7046833.671196816
