month,predicted_cash_outflow,lower_95,upper_95
2026-02,6959280.494647922,6958526.066914799,6960034.922381045
2026-03,6953239.018478746,6952484.590745622,6953993.446211869
2026-04,6959280.494647922,6958526.066914799,6960034.922381045
2026-05,6962162.972589365,6961408.544856242,6962917.4003224885
2026-06,6953989.355078221,6953234.927345098,6954743.782811345
2026-07,6963627.462364091,6962873.034630967,6964381.890097214
