month,predicted_cash_outflow,lower_95,upper_95
2026-02,6959280.494647922,6958722.2907289555,6959838.698566888
2026-03,6953239.018478746,6952680.814559779,6953797.222397712
2026-04,6959280.494647922,6958722.2907289555,6959838.698566888
