Model,Train_R2,Test_R2,R2_Gap,Train_MAPE,Test_MAPE,MAPE_Gap,Train_MAE,Test_MAE,Train_RMSE,Test_RMSE
CatBoost,0.9996802102866557,0.9788361472173178,0.020844063069337837,0.14937117535517802,1.0096118747665315,0.8602406994113534,11238.091767814598,71608.24863150305,13668.47687724584,107121.7521961716
XGBoost,0.999951031595866,0.9574884448802357,0.0424625867156303,0.054760448423821335,1.4076628989947,1.3529024505708787,4085.836599456928,102021.50225136208,5348.670604962922,151821.68180422983
GradientBoosting,0.998965135902016,0.9441815376160272,0.05478359828598878,0.2598556591261428,1.693002398234677,1.4331467391085342,19538.66569456238,122444.4316966735,24588.358570748973,173967.94619128128
LightGBM,0.9995285985138644,0.943991909131524,0.055536689382340465,0.06823600277115371,1.7986733431148734,1.7304373403437197,5489.992782565195,131294.19984599607,16595.23288066481,174263.20071802696
RandomForest,0.9920881739349292,0.9062358830537068,0.08585229088122237,0.6559711180965795,2.1446424905708334,1.488671372474254,49637.61718824122,154141.36989921925,67987.05717476369,225475.12472357048
Prophet,0.09305686191139906,0.07259784689661397,0.020459015014785087,7.941927574748675,8.259926610144195,0.31799903539551977,589022.330785562,590182.460478852,727910.3711945621,709111.2113628038
