Model,Train_R2,Test_R2,R2_Gap,R2_Gap_Pct,Train_MAPE,Test_MAPE,MAPE_Gap,Generalization_Status
GradientBoosting,0.9999019992187576,0.960307866763624,0.039594132455133546,3.959801309135215,0.08015160308894352,1.4057252862400909,1.3255736831511473,GOOD
CatBoost,0.9997485082471429,0.95983303061015,0.03991547763699288,3.99255185756432,0.12811651000812174,1.2942678650560309,1.166151355047909,GOOD
XGBoost,0.9999655950145817,0.954198410596165,0.04576718441841676,4.576875909190593,0.04528847542030871,1.4642516172482793,1.4189631418279707,GOOD
LightGBM,0.999288169360759,0.9470445026512146,0.05224366670954439,5.2280881843086835,0.15067887431405635,1.7613512005722993,1.610672326258243,GOOD
RandomForest,0.9887798055065143,0.9258668641749954,0.06291294133151892,6.362684692907034,0.7164978062176957,2.00164525395161,1.2851474477339142,GOOD
Prophet,0.09371118065488904,0.05779473942702984,0.0359164412278592,38.326740712113086,8.038015549171847,8.042762032170282,0.004746482998434942,UNDERFITTING
