Model,Train_R2,Test_R2,R2_Gap,R2_Gap_Pct,Train_MAPE,Test_MAPE,MAPE_Gap,Generalization_Status
CatBoost,0.9996802102866557,0.9788361472173178,0.020844063069337837,2.085073091860132,0.14937117535517802,1.0096118747665315,0.8602406994113534,GOOD
XGBoost,0.999951031595866,0.9574884448802357,0.0424625867156303,4.246466614256339,0.054760448423821335,1.4076628989947,1.3529024505708787,GOOD
GradientBoosting,0.998965135902016,0.9441815376160272,0.05478359828598878,5.484035059594137,0.2598556591261428,1.693002398234677,1.4331467391085342,GOOD
LightGBM,0.9995285985138644,0.943991909131524,0.055536689382340465,5.556288180739845,0.06823600277115371,1.7986733431148734,1.7304373403437197,GOOD
RandomForest,0.9920881739349292,0.9062358830537068,0.08585229088122237,8.653695622709176,0.6559711180965795,2.1446424905708334,1.488671372474254,GOOD
Prophet,0.09305686191139906,0.07259784689661397,0.020459015014785087,21.985498537726798,7.941927574748675,8.259926610144195,0.31799903539551977,UNDERFITTING
